bond_code,bond_name,maturity_date,coupon_rate,frequency,coupon_type,issuer,credit_rating,industry,interest_type,is_perpetual,is_option_embedded,is_seo,pre_repay_principal_date,pre_repay_principal_ratio,pre_repay_principal_method
102382884.IB,23新津新城MTN002,2028-10-27,0.042,1.0,附息,新津新城,AAA,中期票据,累进利率,否,是,否,,,
102400640.IB,24华发集团MTN004,2029-03-07,0.0313,1.0,附息,华发集团,AAA,中期票据,固定利率,否,否,否,,,
102400935.IB,24临沂投资MTN002,2029-09-03,0.0297,1.0,附息,临沂投发,,中期票据,固定利率,否,否,否,,,
102480571.IB,24启东城投MTN001,2027-02-28,0.0273,1.0,附息,启东城投,,中期票据,固定利率,否,否,否,,,
102480893.IB,24海兴MTN003,2027-03-15,0.0294,1.0,附息,海兴集团,,中期票据,固定利率,否,否,否,,,
102482310.IB,24简阳发展MTN001,2029-06-17,0.028,1.0,附息,简阳发展,AAA,中期票据,固定利率,否,否,否,,,
102482724.IB,24水发集团MTN006,2029-06-26,0.0311,1.0,附息,水发集团,AAA,中期票据,固定利率,否,否,否,,,
102482815.IB,24永州经投MTN001,2029-07-02,0.025,1.0,附息,永州经投,,中期票据,累进利率,否,是,否,,,
102482940.IB,24上饶投资MTN002,2029-07-11,0.0258,1.0,附息,上饶投控,,中期票据,固定利率,否,否,否,,,
102483153.IB,24水发集团MTN007,2029-07-24,0.0296,1.0,附息,水发集团,AAA,中期票据,固定利率,否,否,否,,,
102483418.IB,24华山旅游MTN001,2029-08-09,0.0258,1.0,附息,华山旅游,,中期票据,固定利率,否,否,否,,,
102483490.IB,24华发集团MTN013,2029-08-13,0.0268,1.0,附息,华发集团,AAA,中期票据,固定利率,否,否,否,,,
102501259.IB,25涪陵新城MTN002,2030-03-19,0.0316,1.0,附息,涪陵新城,,中期票据,固定利率,否,否,否,,,
102580228.IB,25荆门城建MTN001B,2030-01-14,0.03,1.0,附息,荆门城建,,中期票据,固定利率,否,否,否,,,
102580332.IB,25华发集团MTN002,2030-01-17,0.0296,1.0,附息,华发集团,AAA,中期票据,固定利率,否,否,否,,,
102580417.IB,25水发集团MTN002,2030-01-22,0.0327,1.0,附息,水发集团,AAA,中期票据,固定利率,否,否,否,,,
102580457.IB,25临沂投资MTN001,2030-01-23,0.0312,1.0,附息,临沂投发,,中期票据,固定利率,否,否,否,,,
102580632.IB,25涪陵交通MTN001A,2030-02-19,0.029,1.0,附息,涪陵交旅,,中期票据,固定利率,否,否,否,,,
102581034.IB,25咸阳城发MTN001,2030-03-12,0.0369,1.0,附息,咸阳城发,,中期票据,固定利率,否,否,否,,,
102581038.IB,25临沂投资MTN003,2030-03-12,0.036,1.0,附息,临沂投发,,中期票据,固定利率,否,否,否,,,
102581312.IB,25西安世园MTN001,2030-03-24,0.0305,1.0,附息,西安世园,AAA,中期票据,固定利率,否,否,否,,,
102581965.IB,25西安世园MTN003,2030-04-29,0.03,1.0,附息,西安世园,AAA,中期票据,固定利率,否,否,否,,,
102582407.IB,25西安科建MTN001(科创债),2030-06-16,0.028,1.0,附息,高科建材,AAA,中期票据,固定利率,否,否,否,,,
110077.SH,洪城转债,2026-11-20,0.02,1.0,附息,洪城环境,AA+,可转债,累进利率,否,是,否,,,
110081.SH,闻泰转债,2027-07-28,0.02,1.0,附息,闻泰科技,BBB+,可转债,累进利率,否,是,否,,,
110087.SH,天业转债,2028-06-23,0.018,1.0,附息,新疆天业,AA+,可转债,累进利率,否,是,否,,,
110090.SH,爱迪转债,2028-09-23,0.013,1.0,附息,爱柯迪,AA,可转债,累进利率,否,是,否,,,
110092.SH,三房转债,2029-01-06,0.015,1.0,附息,三房巷,A-,可转债,累进利率,否,是,否,,,
110094.SH,众和转债,2029-07-18,0.015,1.0,附息,新疆众和,AA,可转债,累进利率,否,是,否,,,
110095.SH,双良转债,2029-08-08,0.015,1.0,附息,双良节能,AA-,可转债,累进利率,否,是,否,,,
110097.SH,天润转债,2030-10-24,0.005,1.0,附息,天润乳业,AA,可转债,累进利率,否,是,否,,,
110098.SH,南药转债,2030-12-25,0.004,1.0,附息,南京医药,AA+,可转债,累进利率,否,是,否,,,
111004.SH,明新转债,2028-03-30,0.025,1.0,附息,明新旭腾,AA-,可转债,累进利率,否,是,否,,,
111005.SH,富春转债,2028-06-23,0.018,1.0,附息,富春染织,AA-,可转债,累进利率,否,是,否,,,
111010.SH,立昂转债,2028-11-14,0.015,1.0,附息,立昂微,AA,可转债,累进利率,否,是,否,,,
111019.SH,宏柏转债,2030-04-17,0.008,1.0,附息,宏柏新材,AA-,可转债,累进利率,否,是,否,,,
111022.SH,锡振转债,2031-06-18,0.004,1.0,附息,无锡振华,AA-,可转债,累进利率,否,是,否,,,
113033.SH,利群转债,2026-04-01,0.02,1.0,附息,利群股份,AA,可转债,累进利率,否,是,否,,,
113037.SH,紫银转债,2026-07-23,0.025,1.0,附息,紫金农商银行,AA+,可转债,累进利率,否,是,否,,,
113045.SH,环旭转债,2027-03-04,0.02,1.0,附息,环旭电子,AA+,可转债,累进利率,否,是,否,,,
113046.SH,金田转债,2027-03-22,0.02,1.0,附息,金田股份,AA+,可转债,累进利率,否,是,否,,,
113053.SH,隆22转债,2028-01-05,0.016,1.0,附息,隆基绿能,AAA,可转债,累进利率,否,是,否,,,
113054.SH,绿动转债,2028-02-25,0.018,1.0,附息,绿色动力,AA+,可转债,累进利率,否,是,否,,,
113058.SH,友发转债,2028-03-30,0.018,1.0,附息,友发集团,AA,可转债,累进利率,否,是,否,,,
113059.SH,福莱转债,2028-05-20,0.018,1.0,附息,福莱特,AA,可转债,累进利率,否,是,否,,,
113066.SH,平煤转债,2029-03-16,0.012,1.0,附息,平煤股份,AAA,可转债,累进利率,否,是,否,,,
113067.SH,燃23转债,2029-07-27,0.012,1.0,附息,深圳燃气,AAA,可转债,累进利率,否,是,否,,,
113070.SH,渝水转债,2031-01-09,0.004,1.0,附息,重庆水务,AAA,可转债,累进利率,否,是,否,,,
113623.SH,凤21转债,2027-04-08,0.02,1.0,附息,新凤鸣,AA,可转债,累进利率,否,是,否,,,
113634.SH,珀莱转债,2027-12-08,0.018,1.0,附息,珀莱雅,AA,可转债,累进利率,否,是,否,,,
113643.SH,风语转债,2028-03-25,0.02,1.0,附息,风语筑,AA-,可转债,累进利率,否,是,否,,,
113650.SH,博22转债,2028-07-01,0.02,1.0,附息,苏博特,AA-,可转债,累进利率,否,是,否,,,
113652.SH,伟22转债,2028-07-22,0.018,1.0,附息,伟明环保,AA,可转债,累进利率,否,是,否,,,
113654.SH,永02转债,2028-08-04,0.02,1.0,附息,永创智能,AA-,可转债,累进利率,否,是,否,,,
113659.SH,莱克转债,2028-10-14,0.015,1.0,附息,莱克电气,AA,可转债,累进利率,否,是,否,,,
113661.SH,福22转债,2028-11-22,0.015,1.0,附息,福斯特,AA,可转债,累进利率,否,是,否,,,
113673.SH,岱美转债,2029-07-18,0.015,1.0,附息,岱美股份,AA,可转债,累进利率,否,是,否,,,
113677.SH,华懋转债,2029-09-14,0.01,1.0,附息,华懋科技,AA-,可转债,累进利率,否,是,否,,,
113680.SH,丽岛转债,2029-11-15,0.01,1.0,附息,丽岛新材,A+,可转债,累进利率,否,是,否,,,
113687.SH,振华转债,2030-07-12,0.008,1.0,附息,振华股份,AA,可转债,累进利率,否,是,否,,,
113691.SH,和邦转债,2030-10-28,0.005,1.0,附息,和邦生物,AA,可转债,累进利率,否,是,否,,,
113692.SH,保隆转债,2030-10-31,0.003,1.0,附息,保隆科技,AA,可转债,累进利率,否,是,否,,,
113694.SH,清源转债,2031-04-08,0.004,1.0,附息,清源股份,A+,可转债,累进利率,否,是,否,,,
113699.SH,金25转债,2031-09-26,0.001,1.0,附息,金诚信,AA,可转债,累进利率,否,是,否,,,
118005.SH,天奈转债,2028-01-27,0.018,1.0,附息,天奈科技,AA-,可转债,累进利率,否,是,否,,,
118009.SH,华锐转债,2028-06-24,0.025,1.0,附息,华锐精密,A+,可转债,累进利率,否,是,否,,,
118011.SH,银微转债,2028-07-04,0.024,1.0,附息,银河微电,A+,可转债,累进利率,否,是,否,,,
118024.SH,冠宇转债,2028-10-24,0.015,1.0,附息,珠海冠宇,AA,可转债,累进利率,否,是,否,,,
118031.SH,天23转债,2029-02-13,0.015,1.0,附息,天合光能,AA,可转债,累进利率,否,是,否,,,
118034.SH,晶能转债,2029-04-20,0.015,1.0,附息,晶科能源,AA+,可转债,累进利率,否,是,否,,,
118036.SH,力合转债,2029-06-28,0.015,1.0,附息,力合微,AA-,可转债,累进利率,否,是,否,,,
118037.SH,上声转债,2029-07-06,0.016,1.0,附息,上声电子,A+,可转债,累进利率,否,是,否,,,
118038.SH,金宏转债,2029-07-17,0.015,1.0,附息,金宏气体,AA-,可转债,累进利率,否,是,否,,,
118049.SH,汇成转债,2030-08-07,0.006,1.0,附息,汇成股份,AA-,可转债,累进利率,否,是,否,,,
118050.SH,航宇转债,2030-08-21,0.004,1.0,附息,航宇科技,AA-,可转债,累进利率,否,是,否,,,
118051.SH,皓元转债,2030-11-28,0.004,1.0,附息,皓元医药,AA-,可转债,累进利率,否,是,否,,,
118053.SH,正帆转债,2031-03-18,0.004,1.0,附息,正帆科技,AA,可转债,累进利率,否,是,否,,,
118055.SH,伟测转债,2031-04-09,0.003,1.0,附息,伟测科技,AA,可转债,累进利率,否,是,否,,,
118057.SH,甬矽转债,2031-06-26,0.004,1.0,附息,甬矽电子,A+,可转债,累进利率,否,是,否,,,
118063.SH,金05转债,2031-12-25,0.001,1.0,附息,金盘科技,AA+,可转债,累进利率,否,是,否,,,
123059.SZ,银信转债,2026-07-15,0.035,1.0,附息,银信科技,AA-,可转债,累进利率,否,是,否,,,
123076.SZ,强力转债,2026-11-19,0.02,1.0,附息,强力新材,AA-,可转债,累进利率,否,是,否,,,
123085.SZ,万顺转2,2026-12-11,0.02,1.0,附息,万顺新材,AA-,可转债,累进利率,否,是,否,,,
123112.SZ,万讯转债,2027-04-08,0.03,1.0,附息,万讯自控,AA-,可转债,累进利率,否,是,否,,,
123114.SZ,三角转债,2027-05-25,0.03,1.0,附息,三角防务,AA-,可转债,累进利率,否,是,否,,,
123121.SZ,帝尔转债,2027-08-05,0.03,1.0,附息,帝尔激光,AA-,可转债,累进利率,否,是,否,,,
123131.SZ,奥飞转债,2027-12-03,0.025,1.0,附息,奥飞数据,A+,可转债,累进利率,否,是,否,,,
123149.SZ,通裕转债,2028-06-20,0.018,1.0,附息,通裕重工,AA,可转债,累进利率,否,是,否,,,
123165.SZ,回天转债,2028-10-27,0.015,1.0,附息,回天新材,AA-,可转债,累进利率,否,是,否,,,
123172.SZ,漱玉转债,2028-12-15,0.015,1.0,附息,漱玉平民,AA-,可转债,累进利率,否,是,否,,,
123176.SZ,精测转2,2029-03-02,0.015,1.0,附息,精测电子,AA-,可转债,累进利率,否,是,否,,,
123178.SZ,花园转债,2029-03-06,0.015,1.0,附息,花园生物,AA-,可转债,累进利率,否,是,否,,,
123193.SZ,海能转债,2029-04-13,0.015,1.0,附息,海能实业,AA-,可转债,累进利率,否,是,否,,,
123194.SZ,百洋转债,2029-04-14,0.015,1.0,附息,百洋医药,AA-,可转债,累进利率,否,是,否,,,
123209.SZ,聚隆转债,2029-07-26,0.015,1.0,附息,南京聚隆,A+,可转债,累进利率,否,是,否,,,
123213.SZ,天源转债,2029-07-28,0.015,1.0,附息,武汉天源,AA-,可转债,累进利率,否,是,否,,,
123216.SZ,科顺转债,2029-08-04,0.015,1.0,附息,科顺股份,AA-,可转债,累进利率,否,是,否,,,
123223.SZ,九典转02,2029-09-15,0.01,1.0,附息,九典制药,A+,可转债,累进利率,否,是,否,,,
123225.SZ,翔丰转债,2029-10-10,0.01,1.0,附息,翔丰华,AA-,可转债,累进利率,否,是,否,,,
123233.SZ,凯盛转债,2029-11-29,0.008,1.0,附息,凯盛新材,AA-,可转债,累进利率,否,是,否,,,
123237.SZ,佳禾转债,2030-01-04,0.008,1.0,附息,佳禾智能,A+,可转债,累进利率,否,是,否,,,
123241.SZ,欧通转债,2030-07-05,0.006,1.0,附息,欧陆通,AA-,可转债,累进利率,否,是,否,,,
123252.SZ,银邦转债,2031-01-07,0.004,1.0,附息,银邦股份,AA-,可转债,累进利率,否,是,否,,,
123253.SZ,永贵转债,2031-03-13,0.004,1.0,附息,永贵电器,AA-,可转债,累进利率,否,是,否,,,
127022.SZ,恒逸转债,2026-10-16,0.02,1.0,附息,恒逸石化,AA+,可转债,累进利率,否,是,否,,,
127026.SZ,超声转债,2026-12-08,0.02,1.0,附息,超声电子,AA,可转债,累进利率,否,是,否,,,
127037.SZ,银轮转债,2027-06-07,0.02,1.0,附息,银轮股份,AA,可转债,累进利率,否,是,否,,,
127038.SZ,国微转债,2027-06-10,0.02,1.0,附息,紫光国微,AA+,可转债,累进利率,否,是,否,,,
127040.SZ,国泰转债,2027-07-07,0.02,1.0,附息,江苏国泰,AA+,可转债,累进利率,否,是,否,,,
127041.SZ,弘亚转债,2026-07-12,0.025,1.0,附息,弘亚数控,AA-,可转债,累进利率,否,是,否,,,
127049.SZ,希望转2,2027-11-02,0.016,1.0,附息,新希望,AAA,可转债,累进利率,否,是,否,,,
127064.SZ,杭氧转债,2028-05-19,0.018,1.0,附息,杭氧股份,AA+,可转债,累进利率,否,是,否,,,
127066.SZ,科利转债,2028-07-08,0.018,1.0,附息,科达利,AA,可转债,累进利率,否,是,否,,,
127067.SZ,恒逸转2,2028-07-21,0.018,1.0,附息,恒逸石化,AA+,可转债,累进利率,否,是,否,,,
127068.SZ,顺博转债,2028-08-12,0.02,1.0,附息,顺博合金,AA-,可转债,累进利率,否,是,否,,,
127069.SZ,小熊转债,2028-08-12,0.025,1.0,附息,小熊电器,AA-,可转债,累进利率,否,是,否,,,
127072.SZ,博实转债,2028-09-22,0.015,1.0,附息,博实股份,AA,可转债,累进利率,否,是,否,,,
127079.SZ,华亚转债,2028-12-16,0.018,1.0,附息,华亚智能,A+,可转债,累进利率,否,是,否,,,
127082.SZ,亚科转债,2029-03-09,0.015,1.0,附息,亚太科技,AA,可转债,累进利率,否,是,否,,,
127083.SZ,山路转债,2029-03-24,0.015,1.0,附息,山东路桥,AAA,可转债,累进利率,否,是,否,,,
127089.SZ,晶澳转债,2029-07-18,0.015,1.0,附息,晶澳科技,AA+,可转债,累进利率,否,是,否,,,
127095.SZ,广泰转债,2029-10-18,0.008,1.0,附息,威海广泰,AA-,可转债,累进利率,否,是,否,,,
127108.SZ,太能转债,2031-03-28,0.004,1.0,附息,太阳能,AA+,可转债,累进利率,否,是,否,,,
127112.SZ,尚太转债,2032-01-16,0.002,1.0,附息,尚太科技,AA+,可转债,累进利率,否,是,否,,,
128101.SZ,联创转债,2026-03-16,0.02,1.0,附息,联创电子,AA-,可转债,累进利率,否,是,否,,,
128108.SZ,蓝帆转债,2026-05-28,0.02,1.0,附息,蓝帆医疗,AA-,可转债,累进利率,否,是,否,,,
128136.SZ,立讯转债,2026-11-03,0.02,1.0,附息,立讯精密,AA+,可转债,累进利率,否,是,否,,,
128137.SZ,洁美转债,2026-11-04,0.02,1.0,附息,洁美科技,AA-,可转债,累进利率,否,是,否,,,
128141.SZ,旺能转债,2026-12-17,0.02,1.0,附息,旺能环境,AA,可转债,累进利率,否,是,否,,,
128142.SZ,新乳转债,2026-12-18,0.02,1.0,附息,新希望乳业,AA,可转债,累进利率,否,是,否,,,
137203.SH,26杭钢EB,2029-04-02,0.0001,1.0,附息,杭钢集团,,可交换债券,固定利率,否,是,否,,,
152758.SH,21桂城01,2028-02-08,0.033,1.0,附息,桂阳城建投,AAA,企业债,累进利率,否,是,否,20240208,20.0,减少面值
159352.SZ,,,,,,,,,,,否,,,,
159531.SZ,,,,,,,,,,,否,,,,
159819.SZ,,,,,,,,,,,否,,,,
159915.SZ,,,,,,,,,,,否,,,,
184282.SH,22光谷东,2029-03-14,0.053,1.0,附息,光谷东国投,AAA,企业债,固定利率,否,是,否,20250314,20.0,减少面值
184775.SH,23余发01,2030-04-14,0.0255,1.0,附息,余发控股公司,AAA,企业债,累进利率,否,是,否,20260414,20.0,减少面值
184776.SH,23鑫通01,2030-04-27,0.035,1.0,附息,洛阳鑫通,AAA,企业债,累进利率,否,是,否,20270427,19.96,减少面值
1980025.IB,19贾旅01,2026-01-28,0.0788,1.0,附息,贾汪旅投,AAA,企业债,固定利率,否,是,否,20220128,20.0,减少面值
1980051.IB,19简州专项债,2026-03-12,0.0617,1.0,附息,简阳发展,AAA,企业债,固定利率,否,是,否,20220312,20.0,减少面值
1980180.IB,19伊川财源债,2026-06-12,0.0615,1.0,附息,伊川财源,AAA,企业债,固定利率,否,是,否,20220612,20.0,减少面值
1980225.IB,19亳州城建债,2026-07-29,0.063,1.0,附息,亳州城建,AA+,企业债,固定利率,否,是,否,20220729,20.0,减少面值
1980280.IB,19皋高债,2026-09-18,0.046,1.0,附息,如皋高新,AAA,企业债,固定利率,否,是,否,20220918,20.0,减少面值
1980362.IB,19赣县城投债,2026-12-04,0.0523,1.0,附息,赣县城投,AAA,企业债,固定利率,否,是,否,20221204,20.0,减少面值
2080114.IB,20攸发养老债,2027-04-30,0.0535,1.0,附息,攸州发展,AAA,企业债,固定利率,否,是,否,20230430,20.0,减少面值
2080342.IB,20醴陵高新债,2027-11-06,0.028,1.0,附息,高新集团,AAA,企业债,累进利率,否,是,否,20231106,20.0,减少面值
2080381.IB,20桂阳城投债,2027-11-25,0.033,1.0,附息,桂阳城建投,AAA,企业债,累进利率,否,是,否,20231125,20.0,减少面值
2180053.IB,21桂阳城投01,2028-02-08,0.033,1.0,附息,桂阳城建投,AAA,企业债,累进利率,否,是,否,20240208,20.0,减少面值
2180165.IB,21资兴城投01,2028-04-29,0.0288,1.0,附息,资兴城投,AAA,企业债,累进利率,否,是,否,20240429,20.0,减少面值
2180185.IB,21金松集团债,2026-05-07,0.057,1.0,附息,金松集团,AAA,企业债,固定利率,否,是,否,20240507,30.0,减少面值
2280088.IB,22邵东专项01,2029-03-10,0.0578,1.0,附息,邵东生态园,AAA,企业债,累进利率,否,是,否,20250310,20.0,减少面值
2280097.IB,22鄂光谷东债,2029-03-14,0.053,1.0,附息,光谷东国投,AAA,企业债,固定利率,否,是,否,20250314,20.0,减少面值
2280157.IB,22赣县城投02,2029-07-06,0.021,1.0,附息,赣县城投,AAA,企业债,累进利率,否,是,否,20250706,20.0,减少面值
2380110.IB,23洛阳鑫通01,2030-04-27,0.035,1.0,附息,洛阳鑫通,AAA,企业债,累进利率,否,是,否,20270427,19.96,减少面值
2380111.IB,23余干发展债01,2030-04-14,0.0255,1.0,附息,余发控股公司,AAA,企业债,累进利率,否,是,否,20260414,20.0,减少面值
127110.SZ,广核转债,2031-07-09,0.004,1.0,附息,中广核电力,AAA,可转债,累进利率,否,是,否,,,
127084.SZ,柳工转2,2029-03-27,0.015,1.0,附息,柳工,AAA,可转债,累进利率,否,是,否,,,
127037.SZ,银轮转债,2027-06-07,0.02,1.0,附息,银轮股份,AA,可转债,累进利率,否,是,否,,,
113708.SH,曙26转债,2032-07-15,0.001,1.0,附息,中科曙光,AAA,可转债,累进利率,否,是,否,,,
110099.SH,福能转债,2031-10-13,0.002,1.0,附息,福能股份,AA+,可转债,累进利率,否,是,否,,,
