trade_code,price_code,price_file,asset_class
000333SZ,000333SZ,EQUITY_SPOT_PRICES_HIST.csv,equity_spot
000975SZ,000975SZ,EQUITY_SPOT_PRICES_HIST.csv,equity_spot
002352SZ,002352SZ,EQUITY_SPOT_PRICES_HIST.csv,equity_spot
002444SZ,002444SZ,EQUITY_SPOT_PRICES_HIST.csv,equity_spot
002594SZ,002594SZ,EQUITY_SPOT_PRICES_HIST.csv,equity_spot
008069OF,008069OF,FUND_PRICES_HIST.csv,fund
017156OF,017156OF,FUND_PRICES_HIST.csv,fund
018996OF,018996OF,FUND_PRICES_HIST.csv,fund
019482OF,019482OF,FUND_PRICES_HIST.csv,fund
020084OF,020084OF,FUND_PRICES_HIST.csv,fund
110008OF,110008.OF,FUND_PRICES_HIST.csv,fund
110059SH,110059SH,BOND_PRICES_HIST.csv,convertible_bond
123107SZ,123107SZ,BOND_PRICES_HIST.csv,convertible_bond
127017SZ,127017SZ,BOND_PRICES_HIST.csv,convertible_bond
159398SZ,159398SZ,FUND_PRICES_HIST.csv,commodity_etf
159545SZ,159545SZ,FUND_PRICES_HIST.csv,commodity_etf
159816SZ,159816SZ,FUND_PRICES_HIST.csv,commodity_etf
159985SZ,159985.SZ,FUND_PRICES_HIST.csv,commodity_etf
161115OF,161115OF,FUND_PRICES_HIST.csv,fund
161115SZ,161115SZ,FUND_PRICES_HIST.csv,equity_etf
252418SH,252418SH,EQUITY_SPOT_PRICES_HIST.csv,equity_spot
300750SZ,300750SZ,EQUITY_SPOT_PRICES_HIST.csv,equity_spot
510050SH,510050SH,FUND_PRICES_HIST.csv,equity_etf
510300SH,510300SH,FUND_PRICES_HIST.csv,equity_etf
510500SH,510500SH,FUND_PRICES_HIST.csv,equity_etf
510900SH,510900SH,FUND_PRICES_HIST.csv,equity_etf
511090SH,511090SH,FUND_PRICES_HIST.csv,bond_etf
511110SH,511110SH,FUND_PRICES_HIST.csv,bond_etf
511130SH,511130SH,FUND_PRICES_HIST.csv,bond_etf
511200SH,511200SH,FUND_PRICES_HIST.csv,bond_etf
511520SH,511520SH,FUND_PRICES_HIST.csv,bond_etf
512100SH,512100SH,FUND_PRICES_HIST.csv,equity_etf
513000SH,513000SH,FUND_PRICES_HIST.csv,equity_etf
513130SH,513130SH,FUND_PRICES_HIST.csv,equity_etf
518880SH,518880SH,FUND_PRICES_HIST.csv,gold
600276SH,600276SH,EQUITY_SPOT_PRICES_HIST.csv,equity_spot
600309SH,600309SH,EQUITY_SPOT_PRICES_HIST.csv,equity_spot
600519SH,600519SH,EQUITY_SPOT_PRICES_HIST.csv,equity_spot
600547SH,600547SH,EQUITY_SPOT_PRICES_HIST.csv,equity_spot
600938SH,600938SH,EQUITY_SPOT_PRICES_HIST.csv,equity_spot
600941SH,600941SH,EQUITY_SPOT_PRICES_HIST.csv,equity_spot
601168SH,601168SH,EQUITY_SPOT_PRICES_HIST.csv,equity_spot
601633SH,601633SH,EQUITY_SPOT_PRICES_HIST.csv,equity_spot
601811SH,601811SH,EQUITY_SPOT_PRICES_HIST.csv,equity_spot
688036SH,688036SH,EQUITY_SPOT_PRICES_HIST.csv,equity_spot
A2507DL,A2507,COMMODITYFUTURE_PRICES_HIST.csv,commodity_fut
AG2508SQ,AG2508,COMMODITYFUTURE_PRICES_HIST.csv,commodity_fut
AL2507SQ,AL2507,COMMODITYFUTURE_PRICES_HIST.csv,commodity_fut
C2507DL,C2507,COMMODITYFUTURE_PRICES_HIST.csv,commodity_fut
CF2509ZZ,CF2509,COMMODITYFUTURE_PRICES_HIST.csv,commodity_fut
CU2507SQ,CU2507,COMMODITYFUTURE_PRICES_HIST.csv,commodity_fut
HC2510SQ,HC2510,COMMODITYFUTURE_PRICES_HIST.csv,commodity_fut
MA2509ZZ,MA2509,COMMODITYFUTURE_PRICES_HIST.csv,commodity_fut
NI2507SQ,NI2507,COMMODITYFUTURE_PRICES_HIST.csv,commodity_fut
P2509DL,P2509,COMMODITYFUTURE_PRICES_HIST.csv,commodity_fut
PP2509DL,PP2509,COMMODITYFUTURE_PRICES_HIST.csv,commodity_fut
RB2510SQ,RB2510,COMMODITYFUTURE_PRICES_HIST.csv,commodity_fut
SR2509ZZ,SR2509,COMMODITYFUTURE_PRICES_HIST.csv,commodity_fut
T2509ZJ,T2509,BONDFUTURE_PRICES_HIST.csv,treasury_fut
TA2509ZZ,TA2509,COMMODITYFUTURE_PRICES_HIST.csv,commodity_fut
TF2509ZJ,TF2509,BONDFUTURE_PRICES_HIST.csv,treasury_fut
TS2509ZJ,TS2509,BONDFUTURE_PRICES_HIST.csv,treasury_fut
V2509DL,V2509,COMMODITYFUTURE_PRICES_HIST.csv,commodity_fut
Y2509DL,Y2509,COMMODITYFUTURE_PRICES_HIST.csv,commodity_fut
ZN2507SQ,ZN2507,COMMODITYFUTURE_PRICES_HIST.csv,commodity_fut
SCM,SCM,COMMODITYFUTURE_PRICES_HIST.csv,commodity_fut
IF2503,IF2503,EQUITYFUTURE_PRICES_HIST.csv,equity_fut
IF2506,IF2506,EQUITYFUTURE_PRICES_HIST.csv,equity_fut
IC2503,IC2503,EQUITYFUTURE_PRICES_HIST.csv,equity_fut
000001SZ,000001SZ,EQUITY_SPOT_PRICES_HIST.csv,equity_spot
000002SZ,000002SZ,EQUITY_SPOT_PRICES_HIST.csv,equity_spot
HS300IDX,000300,EQUITY_SPOT_PRICES_HIST.csv,equity_spot
CSI500IDX,000905,EQUITY_SPOT_PRICES_HIST.csv,equity_spot
510308SH,510308SH,FUND_PRICES_HIST.csv,fund
PF001,PF001,FUND_PRICES_HIST.csv,fund
PF002,PF002,FUND_PRICES_HIST.csv,fund
PF003,PF003,FUND_PRICES_HIST.csv,fund
AU,AU,COMMODITYFUTURE_PRICES_HIST.csv,commodity_fut
AG,AG,COMMODITYFUTURE_PRICES_HIST.csv,commodity_fut
PT,PT,COMMODITYFUTURE_PRICES_HIST.csv,gold
