instrument_code,valuation_date,price,volume
IM2606.CFE,5/29/2026,8344.8,207672.0
IM2606.CFE,6/1/2026,8305.8,185978.0
IM2606.CFE,6/2/2026,8324.6,175916.0
IM2606.CFE,6/3/2026,8368.4,172909.0
IM2606.CFE,6/4/2026,8354.8,131965.0
IM2606.CFE,6/5/2026,8291.8,181451.0
IM2606.CFE,6/8/2026,8072.8,200287.0
IM2606.CFE,6/9/2026,8233.4,160340.0
IM2606.CFE,6/10/2026,8162.2,154308.0
IM2606.CFE,6/11/2026,8126.4,149516.0
IM2606.CFE,6/12/2026,8196.8,146950.0
IM2606.CFE,6/15/2026,8475.2,134896.0
IM2606.CFE,6/16/2026,8602.4,124372.0
IM2606.CFE,6/17/2026,8695.0,98806.0
IM2606.CFE,6/18/2026,8766.0,78697.0
IM2606.CFE,6/22/2026,8774.2,44990.0
IM2607.CFE,5/29/2026,8270.0,9392.0
IM2607.CFE,6/1/2026,8235.2,10555.0
IM2607.CFE,6/2/2026,8256.0,10282.0
IM2607.CFE,6/3/2026,8295.8,9928.0
IM2607.CFE,6/4/2026,8284.0,7967.0
IM2607.CFE,6/5/2026,8214.0,10182.0
IM2607.CFE,6/8/2026,8000.6,15010.0
IM2607.CFE,6/9/2026,8153.8,16083.0
IM2607.CFE,6/10/2026,8080.2,13513.0
IM2607.CFE,6/11/2026,8049.0,12505.0
IM2607.CFE,6/12/2026,8122.8,15891.0
IM2607.CFE,6/15/2026,8403.4,23151.0
IM2607.CFE,6/16/2026,8523.8,25572.0
IM2607.CFE,6/17/2026,8612.0,29920.0
IM2607.CFE,6/18/2026,8679.0,40021.0
IM2607.CFE,6/22/2026,8706.2,64293.0
IM2607.CFE,6/23/2026,8598.8,65773.0
IM2607.CFE,6/24/2026,8667.6,59625.0
IM2607.CFE,6/25/2026,8725.8,51012.0
IM2607.CFE,6/26/2026,8532.6,63441.0
IM2607.CFE,6/29/2026,8514.2,69358.0
IM2607.CFE,6/30/2026,8705.2,55195.0
IM2607.CFE,7/1/2026,8727.6,58982.0
IM2607.CFE,7/2/2026,8570.0,63818.0
IM2607.CFE,7/3/2026,8567.2,55429.0
IM2607.CFE,7/6/2026,8458.0,61221.0
IM2607.CFE,7/7/2026,8296.6,61212.0
IM2607.CFE,7/8/2026,8131.2,68781.0
IM2607.CFE,7/9/2026,8282.6,73965.0
IM2607.CFE,7/10/2026,8186.2,60933.0
IM2607.CFE,7/13/2026,7819.0,76815.0
IM2607.CFE,7/14/2026,7914.8,75103.0
IM2607.CFE,7/15/2026,7835.0,57559.0
IM2607.CFE,7/16/2026,7655.0,54531.0
IM2607.CFE,7/17/2026,7265.4,39448.0
IM2608.CFE,6/23/2026,8515.0,8726.0
IM2608.CFE,6/24/2026,8568.0,8861.0
IM2608.CFE,6/25/2026,8622.6,8079.0
IM2608.CFE,6/26/2026,8424.6,9481.0
IM2608.CFE,6/29/2026,8405.6,7738.0
IM2608.CFE,6/30/2026,8606.2,6575.0
IM2608.CFE,7/1/2026,8620.6,9191.0
IM2608.CFE,7/2/2026,8473.0,13183.0
IM2608.CFE,7/3/2026,8468.4,11993.0
IM2608.CFE,7/6/2026,8362.0,13051.0
IM2608.CFE,7/7/2026,8200.0,13689.0
IM2608.CFE,7/8/2026,8046.0,17666.0
IM2608.CFE,7/9/2026,8207.0,18830.0
IM2608.CFE,7/10/2026,8099.2,16770.0
IM2608.CFE,7/13/2026,7750.0,29877.0
IM2608.CFE,7/14/2026,7854.4,32294.0
IM2608.CFE,7/15/2026,7780.4,32113.0
IM2608.CFE,7/16/2026,7599.6,46976.0
IM2608.CFE,7/17/2026,7118.8,90297.0
IM2608.CFE,7/20/2026,6910.0,97418.0
IM2608.CFE,7/21/2026,7220.0,83442.0
IM2608.CFE,7/22/2026,7091.2,71597.0
IM2608.CFE,7/23/2026,7136.4,54505.0
IM2608.CFE,7/24/2026,6944.4,57569.0
IM2608.CFE,7/27/2026,7207.8,64404.0
IM2608.CFE,7/28/2026,7001.4,62996.0
IM2608.CFE,7/29/2026,7090.2,77435.0
IM2608.CFE,7/30/2026,6885.2,69243.0
IM2608.CFE,7/31/2026,7043.4,75253.0
IM2608.CFE,8/3/2026,7067.8,42051.0
IM2608.CFE,8/4/2026,7256.0,49236.0
IM2608.CFE,8/5/2026,7479.2,50025.0
IM2608.CFE,8/6/2026,7508.6,53523.0
IM2608.CFE,8/7/2026,7655.6,49898.0
IM2608.CFE,8/10/2026,7682.8,47167.0
IM2608.CFE,8/11/2026,7684.4,41217.0
IM2608.CFE,8/12/2026,7754.4,36255.0
IM2608.CFE,8/13/2026,7709.4,42568.0
IM2608.CFE,8/14/2026,7730.8,39939.0
IM2608.CFE,8/17/2026,7955.6,46788.0
IM2608.CFE,8/18/2026,7900.8,42950.0
IM2609.CFE,5/29/2026,8113.0,63764.0
IM2609.CFE,6/1/2026,8081.8,58978.0
IM2609.CFE,6/2/2026,8106.4,62980.0
IM2609.CFE,6/3/2026,8139.4,61731.0
IM2609.CFE,6/4/2026,8124.8,47359.0
IM2609.CFE,6/5/2026,8055.6,69348.0
IM2609.CFE,6/8/2026,7843.2,82795.0
IM2609.CFE,6/9/2026,7993.0,66881.0
IM2609.CFE,6/10/2026,7917.0,67079.0
IM2609.CFE,6/11/2026,7886.6,66805.0
IM2609.CFE,6/12/2026,7958.6,80183.0
IM2609.CFE,6/15/2026,8244.6,85423.0
IM2609.CFE,6/16/2026,8349.0,89065.0
IM2609.CFE,6/17/2026,8445.0,91903.0
IM2609.CFE,6/18/2026,8510.0,114746.0
IM2609.CFE,6/22/2026,8524.2,158991.0
IM2609.CFE,6/23/2026,8403.0,169243.0
IM2609.CFE,6/24/2026,8472.4,144567.0
IM2609.CFE,6/25/2026,8523.8,144932.0
IM2609.CFE,6/26/2026,8319.2,174428.0
IM2609.CFE,6/29/2026,8308.6,171721.0
IM2609.CFE,6/30/2026,8504.2,146627.0
IM2609.CFE,7/1/2026,8517.6,168136.0
IM2609.CFE,7/2/2026,8370.2,178178.0
IM2609.CFE,7/3/2026,8373.0,152704.0
IM2609.CFE,7/6/2026,8265.0,151626.0
IM2609.CFE,7/7/2026,8115.2,150751.0
IM2609.CFE,7/8/2026,7974.0,167678.0
IM2609.CFE,7/9/2026,8127.4,195417.0
IM2609.CFE,7/10/2026,8019.4,171301.0
IM2609.CFE,7/13/2026,7684.4,200999.0
IM2609.CFE,7/14/2026,7788.0,217776.0
IM2609.CFE,7/15/2026,7723.2,174869.0
IM2609.CFE,7/16/2026,7552.6,192392.0
IM2609.CFE,7/17/2026,7065.2,282694.0
IM2609.CFE,7/20/2026,6849.8,313762.0
IM2609.CFE,7/21/2026,7164.4,294238.0
IM2609.CFE,7/22/2026,7028.8,231584.0
IM2609.CFE,7/23/2026,7071.6,186983.0
IM2609.CFE,7/24/2026,6880.2,207512.0
IM2609.CFE,7/27/2026,7148.8,218451.0
IM2609.CFE,7/28/2026,6943.2,201223.0
IM2609.CFE,7/29/2026,7047.2,264111.0
IM2609.CFE,7/30/2026,6845.2,260301.0
IM2609.CFE,7/31/2026,6987.8,234697.0
IM2609.CFE,8/3/2026,7023.4,144370.0
IM2609.CFE,8/4/2026,7211.4,174207.0
IM2609.CFE,8/5/2026,7433.8,182820.0
IM2609.CFE,8/6/2026,7451.8,171996.0
IM2609.CFE,8/7/2026,7590.6,177728.0
IM2609.CFE,8/10/2026,7607.2,142720.0
IM2609.CFE,8/11/2026,7613.2,154999.0
IM2609.CFE,8/12/2026,7677.4,129080.0
IM2609.CFE,8/13/2026,7634.2,151812.0
IM2609.CFE,8/14/2026,7650.2,146100.0
IM2609.CFE,8/17/2026,7875.0,153569.0
IM2609.CFE,8/18/2026,7807.0,162697.0
IM2612.CFE,5/29/2026,7904.8,23396.0
IM2612.CFE,6/1/2026,7880.4,22039.0
IM2612.CFE,6/2/2026,7900.0,22022.0
IM2612.CFE,6/3/2026,7919.6,23285.0
IM2612.CFE,6/4/2026,7908.0,17503.0
IM2612.CFE,6/5/2026,7831.0,22736.0
IM2612.CFE,6/8/2026,7630.0,28169.0
IM2612.CFE,6/9/2026,7764.4,22953.0
IM2612.CFE,6/10/2026,7689.2,20396.0
IM2612.CFE,6/11/2026,7660.6,19867.0
IM2612.CFE,6/12/2026,7735.0,24082.0
IM2612.CFE,6/15/2026,8012.6,28590.0
IM2612.CFE,6/16/2026,8109.8,28593.0
IM2612.CFE,6/17/2026,8201.0,22735.0
IM2612.CFE,6/18/2026,8270.0,26046.0
IM2612.CFE,6/22/2026,8281.0,31029.0
IM2612.CFE,6/23/2026,8156.0,26961.0
IM2612.CFE,6/24/2026,8221.2,22110.0
IM2612.CFE,6/25/2026,8271.2,23977.0
IM2612.CFE,6/26/2026,8066.0,28278.0
IM2612.CFE,6/29/2026,8051.0,28693.0
IM2612.CFE,6/30/2026,8240.0,24463.0
IM2612.CFE,7/1/2026,8248.0,30604.0
IM2612.CFE,7/2/2026,8109.6,32353.0
IM2612.CFE,7/3/2026,8113.4,24371.0
IM2612.CFE,7/6/2026,8013.8,26467.0
IM2612.CFE,7/7/2026,7870.6,30018.0
IM2612.CFE,7/8/2026,7740.2,30533.0
IM2612.CFE,7/9/2026,7896.0,35604.0
IM2612.CFE,7/10/2026,7780.0,30232.0
IM2612.CFE,7/13/2026,7459.6,38854.0
IM2612.CFE,7/14/2026,7563.4,38509.0
IM2612.CFE,7/15/2026,7499.2,29866.0
IM2612.CFE,7/16/2026,7347.0,34682.0
IM2612.CFE,7/17/2026,6866.0,55793.0
IM2612.CFE,7/20/2026,6650.6,67178.0
IM2612.CFE,7/21/2026,6971.4,58797.0
IM2612.CFE,7/22/2026,6828.0,46329.0
IM2612.CFE,7/23/2026,6876.4,35825.0
IM2612.CFE,7/24/2026,6685.0,37899.0
IM2612.CFE,7/27/2026,6951.0,40430.0
IM2612.CFE,7/28/2026,6754.6,37929.0
IM2612.CFE,7/29/2026,6883.0,55092.0
IM2612.CFE,7/30/2026,6690.0,52693.0
IM2612.CFE,7/31/2026,6830.6,50176.0
IM2612.CFE,8/3/2026,6866.2,31141.0
IM2612.CFE,8/4/2026,7048.8,36861.0
IM2612.CFE,8/5/2026,7269.0,42790.0
IM2612.CFE,8/6/2026,7269.0,37406.0
IM2612.CFE,8/7/2026,7400.0,40350.0
IM2612.CFE,8/10/2026,7413.2,32646.0
IM2612.CFE,8/11/2026,7412.2,39092.0
IM2612.CFE,8/12/2026,7473.6,30282.0
IM2612.CFE,8/13/2026,7433.6,36357.0
IM2612.CFE,8/14/2026,7442.4,34645.0
IM2612.CFE,8/17/2026,7657.8,37645.0
IM2612.CFE,8/18/2026,7586.8,40409.0
IC2606.CFE,5/29/2026,8274.6,126854.0
IC2606.CFE,6/1/2026,8225.2,109411.0
IC2606.CFE,6/2/2026,8260.4,107090.0
IC2606.CFE,6/3/2026,8314.2,106019.0
IC2606.CFE,6/4/2026,8300.2,85473.0
IC2606.CFE,6/5/2026,8190.6,114107.0
IC2606.CFE,6/8/2026,7935.0,126464.0
IC2606.CFE,6/9/2026,8112.4,97714.0
IC2606.CFE,6/10/2026,8024.2,96266.0
IC2606.CFE,6/11/2026,7990.8,96052.0
IC2606.CFE,6/12/2026,8117.2,101801.0
IC2606.CFE,6/15/2026,8384.8,100068.0
IC2606.CFE,6/16/2026,8475.8,80075.0
IC2606.CFE,6/17/2026,8613.2,68652.0
IC2606.CFE,6/18/2026,8682.8,58561.0
IC2606.CFE,6/22/2026,8778.2,29050.0
IC2607.CFE,5/29/2026,8207.6,6368.0
IC2607.CFE,6/1/2026,8169.8,5520.0
IC2607.CFE,6/2/2026,8203.4,7379.0
IC2607.CFE,6/3/2026,8251.2,7427.0
IC2607.CFE,6/4/2026,8243.8,5141.0
IC2607.CFE,6/5/2026,8127.2,7051.0
IC2607.CFE,6/8/2026,7876.6,9540.0
IC2607.CFE,6/9/2026,8044.8,9833.0
IC2607.CFE,6/10/2026,7960.0,9711.0
IC2607.CFE,6/11/2026,7925.2,9198.0
IC2607.CFE,6/12/2026,8051.2,10525.0
IC2607.CFE,6/15/2026,8318.6,19254.0
IC2607.CFE,6/16/2026,8400.8,18430.0
IC2607.CFE,6/17/2026,8545.4,21730.0
IC2607.CFE,6/18/2026,8620.0,33996.0
IC2607.CFE,6/22/2026,8770.0,46843.0
IC2607.CFE,6/23/2026,8592.0,48853.0
IC2607.CFE,6/24/2026,8727.6,42850.0
IC2607.CFE,6/25/2026,8842.6,43473.0
IC2607.CFE,6/26/2026,8615.6,53355.0
IC2607.CFE,6/29/2026,8715.2,50387.0
IC2607.CFE,6/30/2026,8947.4,40231.0
IC2607.CFE,7/1/2026,8887.0,45739.0
IC2607.CFE,7/2/2026,8639.0,53907.0
IC2607.CFE,7/3/2026,8688.8,45511.0
IC2607.CFE,7/6/2026,8624.8,44424.0
IC2607.CFE,7/7/2026,8473.2,42617.0
IC2607.CFE,7/8/2026,8381.2,47801.0
IC2607.CFE,7/9/2026,8621.6,50835.0
IC2607.CFE,7/10/2026,8470.2,43780.0
IC2607.CFE,7/13/2026,8138.8,47896.0
IC2607.CFE,7/14/2026,8242.0,51751.0
IC2607.CFE,7/15/2026,8161.0,40670.0
IC2607.CFE,7/16/2026,7964.2,32937.0
IC2607.CFE,7/17/2026,7593.6,20690.0
IC2608.CFE,6/23/2026,8530.2,4971.0
IC2608.CFE,6/24/2026,8659.0,5963.0
IC2608.CFE,6/25/2026,8774.8,5281.0
IC2608.CFE,6/26/2026,8526.0,6035.0
IC2608.CFE,6/29/2026,8621.4,5573.0
IC2608.CFE,6/30/2026,8863.8,4916.0
IC2608.CFE,7/1/2026,8795.0,5844.0
IC2608.CFE,7/2/2026,8557.0,8179.0
IC2608.CFE,7/3/2026,8608.0,9189.0
IC2608.CFE,7/6/2026,8538.0,9573.0
IC2608.CFE,7/7/2026,8388.2,10784.0
IC2608.CFE,7/8/2026,8310.2,12529.0
IC2608.CFE,7/9/2026,8553.0,15497.0
IC2608.CFE,7/10/2026,8390.0,12188.0
IC2608.CFE,7/13/2026,8076.0,17791.0
IC2608.CFE,7/14/2026,8172.8,23558.0
IC2608.CFE,7/15/2026,8096.6,22509.0
IC2608.CFE,7/16/2026,7912.0,31816.0
IC2608.CFE,7/17/2026,7444.2,57289.0
IC2608.CFE,7/20/2026,7347.0,65958.0
IC2608.CFE,7/21/2026,7741.0,54398.0
IC2608.CFE,7/22/2026,7668.6,47293.0
IC2608.CFE,7/23/2026,7660.0,38251.0
IC2608.CFE,7/24/2026,7466.6,41464.0
IC2608.CFE,7/27/2026,7691.0,45049.0
IC2608.CFE,7/28/2026,7406.4,49485.0
IC2608.CFE,7/29/2026,7495.2,56001.0
IC2608.CFE,7/30/2026,7294.2,54199.0
IC2608.CFE,7/31/2026,7440.6,53943.0
IC2608.CFE,8/3/2026,7394.8,31861.0
IC2608.CFE,8/4/2026,7573.8,32524.0
IC2608.CFE,8/5/2026,7784.6,34476.0
IC2608.CFE,8/6/2026,7783.0,36322.0
IC2608.CFE,8/7/2026,7936.2,31498.0
IC2608.CFE,8/10/2026,7955.2,31681.0
IC2608.CFE,8/11/2026,7942.0,26761.0
IC2608.CFE,8/12/2026,7987.4,22247.0
IC2608.CFE,8/13/2026,7944.2,26318.0
IC2608.CFE,8/14/2026,7939.8,27296.0
IC2608.CFE,8/17/2026,8161.0,29319.0
IC2608.CFE,8/18/2026,8119.6,32202.0
IC2609.CFE,5/29/2026,8084.0,48565.0
IC2609.CFE,6/1/2026,8044.0,36916.0
IC2609.CFE,6/2/2026,8086.8,43965.0
IC2609.CFE,6/3/2026,8133.8,49123.0
IC2609.CFE,6/4/2026,8119.8,37370.0
IC2609.CFE,6/5/2026,8000.8,51751.0
IC2609.CFE,6/8/2026,7755.4,59077.0
IC2609.CFE,6/9/2026,7920.4,43516.0
IC2609.CFE,6/10/2026,7831.6,46259.0
IC2609.CFE,6/11/2026,7801.0,48980.0
IC2609.CFE,6/12/2026,7927.6,56920.0
IC2609.CFE,6/15/2026,8206.6,61522.0
IC2609.CFE,6/16/2026,8278.0,58829.0
IC2609.CFE,6/17/2026,8429.0,68378.0
IC2609.CFE,6/18/2026,8517.4,88410.0
IC2609.CFE,6/22/2026,8650.0,112647.0
IC2609.CFE,6/23/2026,8455.0,129547.0
IC2609.CFE,6/24/2026,8595.0,114321.0
IC2609.CFE,6/25/2026,8699.4,122306.0
IC2609.CFE,6/26/2026,8447.0,145705.0
IC2609.CFE,6/29/2026,8537.6,136851.0
IC2609.CFE,6/30/2026,8783.0,120466.0
IC2609.CFE,7/1/2026,8713.0,138185.0
IC2609.CFE,7/2/2026,8488.0,134223.0
IC2609.CFE,7/3/2026,8538.0,121199.0
IC2609.CFE,7/6/2026,8467.0,122043.0
IC2609.CFE,7/7/2026,8322.6,116813.0
IC2609.CFE,7/8/2026,8255.2,125664.0
IC2609.CFE,7/9/2026,8502.4,148454.0
IC2609.CFE,7/10/2026,8333.0,133978.0
IC2609.CFE,7/13/2026,8021.6,151768.0
IC2609.CFE,7/14/2026,8117.0,169427.0
IC2609.CFE,7/15/2026,8046.4,131813.0
IC2609.CFE,7/16/2026,7869.6,138864.0
IC2609.CFE,7/17/2026,7389.0,193007.0
IC2609.CFE,7/20/2026,7302.2,210459.0
IC2609.CFE,7/21/2026,7685.8,194584.0
IC2609.CFE,7/22/2026,7611.0,157364.0
IC2609.CFE,7/23/2026,7602.6,127171.0
IC2609.CFE,7/24/2026,7416.0,139718.0
IC2609.CFE,7/27/2026,7647.0,148209.0
IC2609.CFE,7/28/2026,7352.4,148255.0
IC2609.CFE,7/29/2026,7454.2,181050.0
IC2609.CFE,7/30/2026,7245.6,185336.0
IC2609.CFE,7/31/2026,7395.0,168975.0
IC2609.CFE,8/3/2026,7356.0,98991.0
IC2609.CFE,8/4/2026,7529.0,113591.0
IC2609.CFE,8/5/2026,7744.4,120521.0
IC2609.CFE,8/6/2026,7730.0,113595.0
IC2609.CFE,8/7/2026,7877.8,116150.0
IC2609.CFE,8/10/2026,7881.4,100468.0
IC2609.CFE,8/11/2026,7872.0,100173.0
IC2609.CFE,8/12/2026,7914.2,86925.0
IC2609.CFE,8/13/2026,7866.2,103671.0
IC2609.CFE,8/14/2026,7861.2,97063.0
IC2609.CFE,8/17/2026,8082.0,104221.0
IC2609.CFE,8/18/2026,8022.6,109338.0
IC2612.CFE,5/29/2026,7911.8,15493.0
IC2612.CFE,6/1/2026,7884.0,12108.0
IC2612.CFE,6/2/2026,7924.0,14466.0
IC2612.CFE,6/3/2026,7971.0,15717.0
IC2612.CFE,6/4/2026,7952.0,12161.0
IC2612.CFE,6/5/2026,7828.8,13987.0
IC2612.CFE,6/8/2026,7592.8,17139.0
IC2612.CFE,6/9/2026,7742.4,13020.0
IC2612.CFE,6/10/2026,7650.0,13795.0
IC2612.CFE,6/11/2026,7620.2,13525.0
IC2612.CFE,6/12/2026,7749.0,16787.0
IC2612.CFE,6/15/2026,8028.0,21026.0
IC2612.CFE,6/16/2026,8098.0,17533.0
IC2612.CFE,6/17/2026,8247.2,16340.0
IC2612.CFE,6/18/2026,8341.4,19307.0
IC2612.CFE,6/22/2026,8469.2,21508.0
IC2612.CFE,6/23/2026,8270.6,22874.0
IC2612.CFE,6/24/2026,8402.8,17053.0
IC2612.CFE,6/25/2026,8506.2,18530.0
IC2612.CFE,6/26/2026,8244.8,25213.0
IC2612.CFE,6/29/2026,8325.0,21273.0
IC2612.CFE,6/30/2026,8563.6,19946.0
IC2612.CFE,7/1/2026,8492.0,21220.0
IC2612.CFE,7/2/2026,8282.0,24675.0
IC2612.CFE,7/3/2026,8334.6,20838.0
IC2612.CFE,7/6/2026,8263.0,20706.0
IC2612.CFE,7/7/2026,8116.0,22304.0
IC2612.CFE,7/8/2026,8059.4,23165.0
IC2612.CFE,7/9/2026,8319.0,26190.0
IC2612.CFE,7/10/2026,8145.0,24171.0
IC2612.CFE,7/13/2026,7838.8,29549.0
IC2612.CFE,7/14/2026,7932.6,29963.0
IC2612.CFE,7/15/2026,7860.2,24220.0
IC2612.CFE,7/16/2026,7693.8,26936.0
IC2612.CFE,7/17/2026,7213.0,42592.0
IC2612.CFE,7/20/2026,7124.8,47351.0
IC2612.CFE,7/21/2026,7517.2,36710.0
IC2612.CFE,7/22/2026,7426.8,33404.0
IC2612.CFE,7/23/2026,7420.0,24241.0
IC2612.CFE,7/24/2026,7234.8,27707.0
IC2612.CFE,7/27/2026,7472.0,30320.0
IC2612.CFE,7/28/2026,7180.0,33469.0
IC2612.CFE,7/29/2026,7296.0,39261.0
IC2612.CFE,7/30/2026,7090.6,42448.0
IC2612.CFE,7/31/2026,7244.0,41990.0
IC2612.CFE,8/3/2026,7212.6,24076.0
IC2612.CFE,8/4/2026,7384.8,27336.0
IC2612.CFE,8/5/2026,7597.0,33447.0
IC2612.CFE,8/6/2026,7567.0,26413.0
IC2612.CFE,8/7/2026,7715.6,29715.0
IC2612.CFE,8/10/2026,7707.6,24481.0
IC2612.CFE,8/11/2026,7692.6,25400.0
IC2612.CFE,8/12/2026,7733.0,21439.0
IC2612.CFE,8/13/2026,7684.6,26619.0
IC2612.CFE,8/14/2026,7680.2,27256.0
IC2612.CFE,8/17/2026,7878.0,28285.0
IC2612.CFE,8/18/2026,7818.0,30328.0
IH2606.CFE,5/29/2026,2900.6,43547.0
IH2606.CFE,6/1/2026,2880.2,34909.0
IH2606.CFE,6/2/2026,2902.8,36581.0
IH2606.CFE,6/3/2026,2907.8,36499.0
IH2606.CFE,6/4/2026,2871.8,30896.0
IH2606.CFE,6/5/2026,2844.0,40601.0
IH2606.CFE,6/8/2026,2813.0,41918.0
IH2606.CFE,6/9/2026,2817.2,33269.0
IH2606.CFE,6/10/2026,2833.8,35694.0
IH2606.CFE,6/11/2026,2835.8,28621.0
IH2606.CFE,6/12/2026,2897.2,40456.0
IH2606.CFE,6/15/2026,2938.6,39731.0
IH2606.CFE,6/16/2026,2911.0,30100.0
IH2606.CFE,6/17/2026,2935.0,25807.0
IH2606.CFE,6/18/2026,2941.0,25130.0
IH2606.CFE,6/22/2026,2995.6,16134.0
IH2607.CFE,5/29/2026,2869.0,2955.0
IH2607.CFE,6/1/2026,2850.2,2130.0
IH2607.CFE,6/2/2026,2871.0,2722.0
IH2607.CFE,6/3/2026,2877.0,2356.0
IH2607.CFE,6/4/2026,2841.4,2280.0
IH2607.CFE,6/5/2026,2814.6,2746.0
IH2607.CFE,6/8/2026,2784.0,4207.0
IH2607.CFE,6/9/2026,2788.6,3705.0
IH2607.CFE,6/10/2026,2805.0,4051.0
IH2607.CFE,6/11/2026,2806.0,3018.0
IH2607.CFE,6/12/2026,2867.6,5618.0
IH2607.CFE,6/15/2026,2909.2,9689.0
IH2607.CFE,6/16/2026,2884.8,8634.0
IH2607.CFE,6/17/2026,2906.0,8598.0
IH2607.CFE,6/18/2026,2911.8,11680.0
IH2607.CFE,6/22/2026,2988.4,21705.0
IH2607.CFE,6/23/2026,2896.6,19123.0
IH2607.CFE,6/24/2026,2911.8,16599.0
IH2607.CFE,6/25/2026,2942.6,18446.0
IH2607.CFE,6/26/2026,2883.6,20164.0
IH2607.CFE,6/29/2026,2944.2,20492.0
IH2607.CFE,6/30/2026,2962.0,14656.0
IH2607.CFE,7/1/2026,2954.4,16838.0
IH2607.CFE,7/2/2026,2892.2,18233.0
IH2607.CFE,7/3/2026,2908.0,14807.0
IH2607.CFE,7/6/2026,2930.2,13884.0
IH2607.CFE,7/7/2026,2897.4,14256.0
IH2607.CFE,7/8/2026,2898.0,13786.0
IH2607.CFE,7/9/2026,2964.8,16828.0
IH2607.CFE,7/10/2026,2940.2,16010.0
IH2607.CFE,7/13/2026,2902.2,19462.0
IH2607.CFE,7/14/2026,2932.8,18423.0
IH2607.CFE,7/15/2026,2959.0,14837.0
IH2607.CFE,7/16/2026,2903.0,15853.0
IH2607.CFE,7/17/2026,2841.2,10322.0
IH2608.CFE,6/23/2026,2892.0,1649.0
IH2608.CFE,6/24/2026,2905.8,2681.0
IH2608.CFE,6/25/2026,2931.2,3719.0
IH2608.CFE,6/26/2026,2870.0,2989.0
IH2608.CFE,6/29/2026,2935.0,2646.0
IH2608.CFE,6/30/2026,2948.4,2366.0
IH2608.CFE,7/1/2026,2944.2,2206.0
IH2608.CFE,7/2/2026,2882.8,2570.0
IH2608.CFE,7/3/2026,2898.2,2038.0
IH2608.CFE,7/6/2026,2917.4,2851.0
IH2608.CFE,7/7/2026,2881.8,2742.0
IH2608.CFE,7/8/2026,2882.4,3374.0
IH2608.CFE,7/9/2026,2950.4,3755.0
IH2608.CFE,7/10/2026,2925.2,4563.0
IH2608.CFE,7/13/2026,2884.2,7612.0
IH2608.CFE,7/14/2026,2911.0,6746.0
IH2608.CFE,7/15/2026,2928.6,8375.0
IH2608.CFE,7/16/2026,2880.8,11818.0
IH2608.CFE,7/17/2026,2810.6,20702.0
IH2608.CFE,7/20/2026,2890.2,23006.0
IH2608.CFE,7/21/2026,2939.6,17320.0
IH2608.CFE,7/22/2026,2958.0,17063.0
IH2608.CFE,7/23/2026,2961.0,10919.0
IH2608.CFE,7/24/2026,2926.0,13334.0
IH2608.CFE,7/27/2026,2936.6,14035.0
IH2608.CFE,7/28/2026,2905.2,16514.0
IH2608.CFE,7/29/2026,2896.6,17183.0
IH2608.CFE,7/30/2026,2905.0,15821.0
IH2608.CFE,7/31/2026,2910.0,13186.0
IH2608.CFE,8/3/2026,2876.6,10287.0
IH2608.CFE,8/4/2026,2868.6,9492.0
IH2608.CFE,8/5/2026,2911.0,13319.0
IH2608.CFE,8/6/2026,2916.0,9908.0
IH2608.CFE,8/7/2026,2948.4,9984.0
IH2608.CFE,8/10/2026,2956.0,9191.0
IH2608.CFE,8/11/2026,2926.6,9489.0
IH2608.CFE,8/12/2026,2930.0,7222.0
IH2608.CFE,8/13/2026,2922.2,10149.0
IH2608.CFE,8/14/2026,2908.6,9343.0
IH2608.CFE,8/17/2026,2937.2,9868.0
IH2608.CFE,8/18/2026,2932.2,10798.0
IH2609.CFE,5/29/2026,2855.4,13922.0
IH2609.CFE,6/1/2026,2834.2,12138.0
IH2609.CFE,6/2/2026,2858.2,11803.0
IH2609.CFE,6/3/2026,2862.2,12085.0
IH2609.CFE,6/4/2026,2827.2,11350.0
IH2609.CFE,6/5/2026,2798.0,15086.0
IH2609.CFE,6/8/2026,2768.0,17192.0
IH2609.CFE,6/9/2026,2772.2,12866.0
IH2609.CFE,6/10/2026,2789.0,15507.0
IH2609.CFE,6/11/2026,2790.6,13421.0
IH2609.CFE,6/12/2026,2852.0,19626.0
IH2609.CFE,6/15/2026,2900.6,24020.0
IH2609.CFE,6/16/2026,2872.0,22676.0
IH2609.CFE,6/17/2026,2894.4,21816.0
IH2609.CFE,6/18/2026,2899.8,28121.0
IH2609.CFE,6/22/2026,2978.0,49450.0
IH2609.CFE,6/23/2026,2884.6,50120.0
IH2609.CFE,6/24/2026,2896.2,33499.0
IH2609.CFE,6/25/2026,2924.8,40016.0
IH2609.CFE,6/26/2026,2859.0,47552.0
IH2609.CFE,6/29/2026,2928.0,48727.0
IH2609.CFE,6/30/2026,2938.0,36908.0
IH2609.CFE,7/1/2026,2934.6,47826.0
IH2609.CFE,7/2/2026,2871.0,47210.0
IH2609.CFE,7/3/2026,2886.6,39703.0
IH2609.CFE,7/6/2026,2905.2,36608.0
IH2609.CFE,7/7/2026,2870.6,38556.0
IH2609.CFE,7/8/2026,2868.0,40795.0
IH2609.CFE,7/9/2026,2939.8,52831.0
IH2609.CFE,7/10/2026,2910.2,51784.0
IH2609.CFE,7/13/2026,2872.6,52535.0
IH2609.CFE,7/14/2026,2891.2,49148.0
IH2609.CFE,7/15/2026,2914.0,39561.0
IH2609.CFE,7/16/2026,2867.8,44146.0
IH2609.CFE,7/17/2026,2796.4,54470.0
IH2609.CFE,7/20/2026,2874.0,63270.0
IH2609.CFE,7/21/2026,2923.6,49139.0
IH2609.CFE,7/22/2026,2946.2,47307.0
IH2609.CFE,7/23/2026,2948.8,31949.0
IH2609.CFE,7/24/2026,2910.0,36940.0
IH2609.CFE,7/27/2026,2923.0,37937.0
IH2609.CFE,7/28/2026,2889.8,42036.0
IH2609.CFE,7/29/2026,2878.6,47407.0
IH2609.CFE,7/30/2026,2885.8,48398.0
IH2609.CFE,7/31/2026,2891.8,42072.0
IH2609.CFE,8/3/2026,2860.0,30277.0
IH2609.CFE,8/4/2026,2852.4,29565.0
IH2609.CFE,8/5/2026,2893.4,37372.0
IH2609.CFE,8/6/2026,2897.2,25733.0
IH2609.CFE,8/7/2026,2930.0,29990.0
IH2609.CFE,8/10/2026,2936.0,24068.0
IH2609.CFE,8/11/2026,2909.0,26945.0
IH2609.CFE,8/12/2026,2910.0,20700.0
IH2609.CFE,8/13/2026,2902.6,26420.0
IH2609.CFE,8/14/2026,2890.0,27375.0
IH2609.CFE,8/17/2026,2919.2,28125.0
IH2609.CFE,8/18/2026,2911.6,29271.0
IH2612.CFE,5/29/2026,2837.8,3742.0
IH2612.CFE,6/1/2026,2819.2,3412.0
IH2612.CFE,6/2/2026,2839.0,3680.0
IH2612.CFE,6/3/2026,2843.0,3857.0
IH2612.CFE,6/4/2026,2809.8,3429.0
IH2612.CFE,6/5/2026,2779.0,3898.0
IH2612.CFE,6/8/2026,2746.4,4294.0
IH2612.CFE,6/9/2026,2754.6,3657.0
IH2612.CFE,6/10/2026,2770.0,4104.0
IH2612.CFE,6/11/2026,2772.2,4125.0
IH2612.CFE,6/12/2026,2832.8,6178.0
IH2612.CFE,6/15/2026,2884.6,6020.0
IH2612.CFE,6/16/2026,2854.4,4940.0
IH2612.CFE,6/17/2026,2872.0,5074.0
IH2612.CFE,6/18/2026,2878.4,5333.0
IH2612.CFE,6/22/2026,2961.4,8765.0
IH2612.CFE,6/23/2026,2864.8,8216.0
IH2612.CFE,6/24/2026,2874.6,5273.0
IH2612.CFE,6/25/2026,2900.0,6535.0
IH2612.CFE,6/26/2026,2832.8,7302.0
IH2612.CFE,6/29/2026,2897.6,6501.0
IH2612.CFE,6/30/2026,2907.0,5995.0
IH2612.CFE,7/1/2026,2906.6,7177.0
IH2612.CFE,7/2/2026,2841.2,8614.0
IH2612.CFE,7/3/2026,2855.2,6467.0
IH2612.CFE,7/6/2026,2874.6,5712.0
IH2612.CFE,7/7/2026,2840.2,5707.0
IH2612.CFE,7/8/2026,2840.8,6195.0
IH2612.CFE,7/9/2026,2909.0,7420.0
IH2612.CFE,7/10/2026,2880.2,7984.0
IH2612.CFE,7/13/2026,2838.2,10290.0
IH2612.CFE,7/14/2026,2857.6,7658.0
IH2612.CFE,7/15/2026,2879.2,6175.0
IH2612.CFE,7/16/2026,2838.8,6729.0
IH2612.CFE,7/17/2026,2762.2,9617.0
IH2612.CFE,7/20/2026,2835.0,11933.0
IH2612.CFE,7/21/2026,2886.6,8596.0
IH2612.CFE,7/22/2026,2908.2,7080.0
IH2612.CFE,7/23/2026,2910.0,6633.0
IH2612.CFE,7/24/2026,2871.0,5690.0
IH2612.CFE,7/27/2026,2888.2,5982.0
IH2612.CFE,7/28/2026,2852.4,6516.0
IH2612.CFE,7/29/2026,2842.8,8898.0
IH2612.CFE,7/30/2026,2848.2,7640.0
IH2612.CFE,7/31/2026,2853.6,8025.0
IH2612.CFE,8/3/2026,2824.6,4980.0
IH2612.CFE,8/4/2026,2818.0,4785.0
IH2612.CFE,8/5/2026,2857.2,6688.0
IH2612.CFE,8/6/2026,2857.6,5922.0
IH2612.CFE,8/7/2026,2887.0,6243.0
IH2612.CFE,8/10/2026,2893.2,3761.0
IH2612.CFE,8/11/2026,2864.8,5849.0
IH2612.CFE,8/12/2026,2869.4,4842.0
IH2612.CFE,8/13/2026,2862.8,6742.0
IH2612.CFE,8/14/2026,2848.2,6254.0
IH2612.CFE,8/17/2026,2873.6,6282.0
IH2612.CFE,8/18/2026,2868.6,6254.0
IF2606.CFE,5/29/2026,4847.8,88557.0
IF2606.CFE,6/1/2026,4811.0,80836.0
IF2606.CFE,6/2/2026,4878.6,80922.0
IF2606.CFE,6/3/2026,4913.8,87841.0
IF2606.CFE,6/4/2026,4871.0,68628.0
IF2606.CFE,6/5/2026,4776.8,86654.0
IF2606.CFE,6/8/2026,4682.6,89286.0
IF2606.CFE,6/9/2026,4743.6,69069.0
IF2606.CFE,6/10/2026,4721.4,68264.0
IF2606.CFE,6/11/2026,4693.4,68305.0
IF2606.CFE,6/12/2026,4769.8,76249.0
IF2606.CFE,6/15/2026,4880.0,74674.0
IF2606.CFE,6/16/2026,4875.2,60182.0
IF2606.CFE,6/17/2026,4928.0,55239.0
IF2606.CFE,6/18/2026,4960.6,51416.0
IF2606.CFE,6/22/2026,5029.2,25670.0
IF2607.CFE,5/29/2026,4803.0,5269.0
IF2607.CFE,6/1/2026,4772.0,5273.0
IF2607.CFE,6/2/2026,4840.2,6231.0
IF2607.CFE,6/3/2026,4872.8,5907.0
IF2607.CFE,6/4/2026,4832.2,3819.0
IF2607.CFE,6/5/2026,4734.2,6446.0
IF2607.CFE,6/8/2026,4641.4,7271.0
IF2607.CFE,6/9/2026,4703.0,7588.0
IF2607.CFE,6/10/2026,4680.2,7068.0
IF2607.CFE,6/11/2026,4651.2,7721.0
IF2607.CFE,6/12/2026,4727.0,8900.0
IF2607.CFE,6/15/2026,4839.0,12805.0
IF2607.CFE,6/16/2026,4827.4,12484.0
IF2607.CFE,6/17/2026,4882.0,17235.0
IF2607.CFE,6/18/2026,4917.0,28722.0
IF2607.CFE,6/22/2026,5027.2,44696.0
IF2607.CFE,6/23/2026,4867.8,47396.0
IF2607.CFE,6/24/2026,4890.2,33112.0
IF2607.CFE,6/25/2026,4972.6,36963.0
IF2607.CFE,6/26/2026,4825.8,42636.0
IF2607.CFE,6/29/2026,4869.8,38055.0
IF2607.CFE,6/30/2026,4929.0,30389.0
IF2607.CFE,7/1/2026,4902.8,34230.0
IF2607.CFE,7/2/2026,4783.4,38436.0
IF2607.CFE,7/3/2026,4811.4,33790.0
IF2607.CFE,7/6/2026,4813.4,31592.0
IF2607.CFE,7/7/2026,4762.0,29748.0
IF2607.CFE,7/8/2026,4729.4,30862.0
IF2607.CFE,7/9/2026,4837.6,37545.0
IF2607.CFE,7/10/2026,4767.0,33287.0
IF2607.CFE,7/13/2026,4691.8,37446.0
IF2607.CFE,7/14/2026,4763.4,39202.0
IF2607.CFE,7/15/2026,4787.0,29414.0
IF2607.CFE,7/16/2026,4705.2,30383.0
IF2607.CFE,7/17/2026,4555.8,17294.0
IF2608.CFE,6/23/2026,4833.2,3860.0
IF2608.CFE,6/24/2026,4860.0,3687.0
IF2608.CFE,6/25/2026,4932.2,3372.0
IF2608.CFE,6/26/2026,4783.0,6099.0
IF2608.CFE,6/29/2026,4828.8,4299.0
IF2608.CFE,6/30/2026,4887.4,4037.0
IF2608.CFE,7/1/2026,4858.8,5842.0
IF2608.CFE,7/2/2026,4744.2,6780.0
IF2608.CFE,7/3/2026,4777.0,5840.0
IF2608.CFE,7/6/2026,4776.6,6260.0
IF2608.CFE,7/7/2026,4726.4,6840.0
IF2608.CFE,7/8/2026,4693.8,7246.0
IF2608.CFE,7/9/2026,4806.8,9881.0
IF2608.CFE,7/10/2026,4727.8,9606.0
IF2608.CFE,7/13/2026,4656.6,11821.0
IF2608.CFE,7/14/2026,4721.2,14769.0
IF2608.CFE,7/15/2026,4741.2,15605.0
IF2608.CFE,7/16/2026,4666.8,23262.0
IF2608.CFE,7/17/2026,4505.0,40565.0
IF2608.CFE,7/20/2026,4568.4,43310.0
IF2608.CFE,7/21/2026,4685.4,36890.0
IF2608.CFE,7/22/2026,4671.8,28267.0
IF2608.CFE,7/23/2026,4689.0,22594.0
IF2608.CFE,7/24/2026,4607.8,23987.0
IF2608.CFE,7/27/2026,4675.4,24181.0
IF2608.CFE,7/28/2026,4549.8,31818.0
IF2608.CFE,7/29/2026,4570.2,32688.0
IF2608.CFE,7/30/2026,4529.6,35143.0
IF2608.CFE,7/31/2026,4566.2,32870.0
IF2608.CFE,8/3/2026,4535.2,21760.0
IF2608.CFE,8/4/2026,4578.6,20340.0
IF2608.CFE,8/5/2026,4646.0,25642.0
IF2608.CFE,8/6/2026,4638.2,23121.0
IF2608.CFE,8/7/2026,4674.2,22367.0
IF2608.CFE,8/10/2026,4675.2,19218.0
IF2608.CFE,8/11/2026,4653.8,19542.0
IF2608.CFE,8/12/2026,4672.0,17066.0
IF2608.CFE,8/13/2026,4655.0,19320.0
IF2608.CFE,8/14/2026,4648.4,18693.0
IF2608.CFE,8/17/2026,4729.4,23912.0
IF2608.CFE,8/18/2026,4706.4,21303.0
IF2609.CFE,5/29/2026,4749.0,31758.0
IF2609.CFE,6/1/2026,4719.0,27877.0
IF2609.CFE,6/2/2026,4785.2,31739.0
IF2609.CFE,6/3/2026,4818.0,36007.0
IF2609.CFE,6/4/2026,4775.4,25581.0
IF2609.CFE,6/5/2026,4680.0,36617.0
IF2609.CFE,6/8/2026,4588.8,39244.0
IF2609.CFE,6/9/2026,4647.6,30301.0
IF2609.CFE,6/10/2026,4618.4,28457.0
IF2609.CFE,6/11/2026,4591.8,32792.0
IF2609.CFE,6/12/2026,4671.8,38386.0
IF2609.CFE,6/15/2026,4784.6,45110.0
IF2609.CFE,6/16/2026,4767.0,42585.0
IF2609.CFE,6/17/2026,4823.0,43330.0
IF2609.CFE,6/18/2026,4862.8,61213.0
IF2609.CFE,6/22/2026,4983.8,88185.0
IF2609.CFE,6/23/2026,4812.4,105369.0
IF2609.CFE,6/24/2026,4830.8,69308.0
IF2609.CFE,6/25/2026,4907.0,81049.0
IF2609.CFE,6/26/2026,4748.2,105290.0
IF2609.CFE,6/29/2026,4796.4,88320.0
IF2609.CFE,6/30/2026,4855.8,66502.0
IF2609.CFE,7/1/2026,4831.2,83974.0
IF2609.CFE,7/2/2026,4719.4,85479.0
IF2609.CFE,7/3/2026,4752.2,78471.0
IF2609.CFE,7/6/2026,4753.2,73615.0
IF2609.CFE,7/7/2026,4703.4,74053.0
IF2609.CFE,7/8/2026,4668.0,77099.0
IF2609.CFE,7/9/2026,4780.8,93546.0
IF2609.CFE,7/10/2026,4704.6,85158.0
IF2609.CFE,7/13/2026,4634.6,95136.0
IF2609.CFE,7/14/2026,4690.0,101495.0
IF2609.CFE,7/15/2026,4717.4,75088.0
IF2609.CFE,7/16/2026,4645.6,86023.0
IF2609.CFE,7/17/2026,4473.8,121503.0
IF2609.CFE,7/20/2026,4545.8,118856.0
IF2609.CFE,7/21/2026,4662.4,99112.0
IF2609.CFE,7/22/2026,4648.0,83980.0
IF2609.CFE,7/23/2026,4661.4,62316.0
IF2609.CFE,7/24/2026,4578.2,74354.0
IF2609.CFE,7/27/2026,4651.8,68756.0
IF2609.CFE,7/28/2026,4521.0,88517.0
IF2609.CFE,7/29/2026,4544.8,94038.0
IF2609.CFE,7/30/2026,4508.2,104385.0
IF2609.CFE,7/31/2026,4538.0,85408.0
IF2609.CFE,8/3/2026,4512.2,56341.0
IF2609.CFE,8/4/2026,4552.8,59879.0
IF2609.CFE,8/5/2026,4621.0,76442.0
IF2609.CFE,8/6/2026,4612.0,64989.0
IF2609.CFE,8/7/2026,4645.6,65609.0
IF2609.CFE,8/10/2026,4644.6,54064.0
IF2609.CFE,8/11/2026,4625.0,51726.0
IF2609.CFE,8/12/2026,4641.0,45773.0
IF2609.CFE,8/13/2026,4624.0,59433.0
IF2609.CFE,8/14/2026,4620.4,54654.0
IF2609.CFE,8/17/2026,4699.0,60002.0
IF2609.CFE,8/18/2026,4670.2,61589.0
IF2612.CFE,5/29/2026,4691.8,9941.0
IF2612.CFE,6/1/2026,4659.8,9007.0
IF2612.CFE,6/2/2026,4723.6,9400.0
IF2612.CFE,6/3/2026,4761.4,9777.0
IF2612.CFE,6/4/2026,4715.0,8876.0
IF2612.CFE,6/5/2026,4620.6,11853.0
IF2612.CFE,6/8/2026,4530.0,11313.0
IF2612.CFE,6/9/2026,4583.8,8521.0
IF2612.CFE,6/10/2026,4552.2,10090.0
IF2612.CFE,6/11/2026,4524.4,8847.0
IF2612.CFE,6/12/2026,4607.4,11498.0
IF2612.CFE,6/15/2026,4714.4,13815.0
IF2612.CFE,6/16/2026,4696.0,10638.0
IF2612.CFE,6/17/2026,4743.0,9778.0
IF2612.CFE,6/18/2026,4784.6,12592.0
IF2612.CFE,6/22/2026,4918.0,16035.0
IF2612.CFE,6/23/2026,4736.0,20234.0
IF2612.CFE,6/24/2026,4754.8,11519.0
IF2612.CFE,6/25/2026,4826.6,12250.0
IF2612.CFE,6/26/2026,4665.2,18624.0
IF2612.CFE,6/29/2026,4710.2,11713.0
IF2612.CFE,6/30/2026,4766.0,10412.0
IF2612.CFE,7/1/2026,4744.8,13358.0
IF2612.CFE,7/2/2026,4636.0,16229.0
IF2612.CFE,7/3/2026,4672.0,12392.0
IF2612.CFE,7/6/2026,4671.8,11045.0
IF2612.CFE,7/7/2026,4623.8,13206.0
IF2612.CFE,7/8/2026,4586.8,13720.0
IF2612.CFE,7/9/2026,4703.4,16300.0
IF2612.CFE,7/10/2026,4625.6,14540.0
IF2612.CFE,7/13/2026,4551.8,16262.0
IF2612.CFE,7/14/2026,4601.0,18581.0
IF2612.CFE,7/15/2026,4633.0,12966.0
IF2612.CFE,7/16/2026,4565.8,14375.0
IF2612.CFE,7/17/2026,4393.6,25463.0
IF2612.CFE,7/20/2026,4471.8,26206.0
IF2612.CFE,7/21/2026,4586.6,20882.0
IF2612.CFE,7/22/2026,4571.2,15594.0
IF2612.CFE,7/23/2026,4584.2,12685.0
IF2612.CFE,7/24/2026,4505.0,15560.0
IF2612.CFE,7/27/2026,4577.8,14709.0
IF2612.CFE,7/28/2026,4446.0,17318.0
IF2612.CFE,7/29/2026,4470.8,18294.0
IF2612.CFE,7/30/2026,4433.6,20242.0
IF2612.CFE,7/31/2026,4465.8,17026.0
IF2612.CFE,8/3/2026,4446.2,11195.0
IF2612.CFE,8/4/2026,4483.8,11499.0
IF2612.CFE,8/5/2026,4547.2,16635.0
IF2612.CFE,8/6/2026,4535.0,13135.0
IF2612.CFE,8/7/2026,4565.6,15617.0
IF2612.CFE,8/10/2026,4565.2,13616.0
IF2612.CFE,8/11/2026,4545.0,13628.0
IF2612.CFE,8/12/2026,4558.2,10290.0
IF2612.CFE,8/13/2026,4546.0,13915.0
IF2612.CFE,8/14/2026,4539.0,13956.0
IF2612.CFE,8/17/2026,4616.0,14824.0
IF2612.CFE,8/18/2026,4587.2,15900.0
IF2703.CFE,7/20/2026,4412.8,4175.0
IF2703.CFE,7/21/2026,4529.6,5740.0
IF2703.CFE,7/22/2026,4499.4,4322.0
IF2703.CFE,7/23/2026,4512.0,5373.0
IF2703.CFE,7/24/2026,4436.4,4222.0
IF2703.CFE,7/27/2026,4503.6,5358.0
IF2703.CFE,7/28/2026,4373.0,6632.0
IF2703.CFE,7/29/2026,4399.6,5663.0
IF2703.CFE,7/30/2026,4353.2,7036.0
IF2703.CFE,7/31/2026,4394.4,7560.0
IF2703.CFE,8/3/2026,4377.2,4012.0
IF2703.CFE,8/4/2026,4411.0,4598.0
IF2703.CFE,8/5/2026,4477.8,6540.0
IF2703.CFE,8/6/2026,4463.8,4791.0
IF2703.CFE,8/7/2026,4493.0,5737.0
IF2703.CFE,8/10/2026,4489.0,5442.0
IF2703.CFE,8/11/2026,4469.2,4918.0
IF2703.CFE,8/12/2026,4485.0,3562.0
IF2703.CFE,8/13/2026,4474.0,4407.0
IF2703.CFE,8/14/2026,4466.0,4364.0
IF2703.CFE,8/17/2026,4543.8,4746.0
IF2703.CFE,8/18/2026,4515.4,5444.0
IH2703.CFE,7/20/2026,2809.6,1721.0
IH2703.CFE,7/21/2026,2863.2,1944.0
IH2703.CFE,7/22/2026,2880.4,2448.0
IH2703.CFE,7/23/2026,2886.0,1716.0
IH2703.CFE,7/24/2026,2843.6,1751.0
IH2703.CFE,7/27/2026,2864.0,1950.0
IH2703.CFE,7/28/2026,2828.8,2275.0
IH2703.CFE,7/29/2026,2823.8,3050.0
IH2703.CFE,7/30/2026,2826.6,2317.0
IH2703.CFE,7/31/2026,2830.6,2233.0
IH2703.CFE,8/3/2026,2804.8,1783.0
IH2703.CFE,8/4/2026,2796.4,1721.0
IH2703.CFE,8/5/2026,2834.2,3170.0
IH2703.CFE,8/6/2026,2831.8,1911.0
IH2703.CFE,8/7/2026,2859.6,1954.0
IH2703.CFE,8/10/2026,2865.8,1647.0
IH2703.CFE,8/11/2026,2838.0,1423.0
IH2703.CFE,8/12/2026,2843.2,977.0
IH2703.CFE,8/13/2026,2837.0,1759.0
IH2703.CFE,8/14/2026,2823.0,1538.0
IH2703.CFE,8/17/2026,2841.8,2755.0
IH2703.CFE,8/18/2026,2836.2,2399.0
IM2703.CFE,7/20/2026,6489.8,12521.0
IM2703.CFE,7/21/2026,6800.4,14747.0
IM2703.CFE,7/22/2026,6662.2,13317.0
IM2703.CFE,7/23/2026,6699.0,11041.0
IM2703.CFE,7/24/2026,6512.6,13185.0
IM2703.CFE,7/27/2026,6771.8,11242.0
IM2703.CFE,7/28/2026,6586.0,12222.0
IM2703.CFE,7/29/2026,6715.6,14832.0
IM2703.CFE,7/30/2026,6527.8,15753.0
IM2703.CFE,7/31/2026,6666.0,15163.0
IM2703.CFE,8/3/2026,6701.0,9678.0
IM2703.CFE,8/4/2026,6884.4,12687.0
IM2703.CFE,8/5/2026,7100.0,15397.0
IM2703.CFE,8/6/2026,7087.8,14348.0
IM2703.CFE,8/7/2026,7217.0,13099.0
IM2703.CFE,8/10/2026,7220.0,11170.0
IM2703.CFE,8/11/2026,7219.6,12232.0
IM2703.CFE,8/12/2026,7281.2,11346.0
IM2703.CFE,8/13/2026,7238.2,11952.0
IM2703.CFE,8/14/2026,7245.6,10667.0
IM2703.CFE,8/17/2026,7452.0,11681.0
IM2703.CFE,8/18/2026,7386.2,12669.0
IC2703.CFE,7/20/2026,6977.8,5347.0
IC2703.CFE,7/21/2026,7354.2,6475.0
IC2703.CFE,7/22/2026,7260.2,6976.0
IC2703.CFE,7/23/2026,7242.2,5921.0
IC2703.CFE,7/24/2026,7063.0,6416.0
IC2703.CFE,7/27/2026,7295.4,6042.0
IC2703.CFE,7/28/2026,7004.4,7560.0
IC2703.CFE,7/29/2026,7134.6,8172.0
IC2703.CFE,7/30/2026,6943.0,10002.0
IC2703.CFE,7/31/2026,7094.2,7895.0
IC2703.CFE,8/3/2026,7062.0,6459.0
IC2703.CFE,8/4/2026,7233.0,6297.0
IC2703.CFE,8/5/2026,7444.8,8698.0
IC2703.CFE,8/6/2026,7412.4,8066.0
IC2703.CFE,8/7/2026,7558.0,8353.0
IC2703.CFE,8/10/2026,7539.2,6905.0
IC2703.CFE,8/11/2026,7520.2,5649.0
IC2703.CFE,8/12/2026,7560.4,5688.0
IC2703.CFE,8/13/2026,7511.2,6892.0
IC2703.CFE,8/14/2026,7508.0,7166.0
IC2703.CFE,8/17/2026,7700.0,6323.0
IC2703.CFE,8/18/2026,7642.0,6799.0
IF2608.CFE,8/19/2026,4587.8,24035.0
IF2609.CFE,8/19/2026,4554.2,78948.0
IF2612.CFE,8/19/2026,4478.0,23362.0
IF2703.CFE,8/19/2026,4407.6,8365.0
IH2608.CFE,8/19/2026,2886.6,12835.0
IH2609.CFE,8/19/2026,2865.0,41286.0
IH2612.CFE,8/19/2026,2820.6,9674.0
IH2703.CFE,8/19/2026,2791.6,3424.0
IM2608.CFE,8/19/2026,7536.8,55695.0
IM2609.CFE,8/19/2026,7468.8,208054.0
IM2612.CFE,8/19/2026,7265.6,54815.0
IM2703.CFE,8/19/2026,7077.6,16838.0
IC2608.CFE,8/19/2026,7797.0,34927.0
IC2609.CFE,8/19/2026,7712.0,129710.0
IC2612.CFE,8/19/2026,7525.8,39469.0
IC2703.CFE,8/19/2026,7351.2,10448.0
IF2608.CFE,8/20/2026,4587.0,18120.0
IF2609.CFE,8/20/2026,4554.0,62426.0
IF2612.CFE,8/20/2026,4479.0,17960.0
IF2703.CFE,8/20/2026,4411.6,6278.0
IH2608.CFE,8/20/2026,2880.2,10299.0
IH2609.CFE,8/20/2026,2858.8,32126.0
IH2612.CFE,8/20/2026,2818.4,7549.0
IH2703.CFE,8/20/2026,2788.2,2591.0
IM2608.CFE,8/20/2026,7585.0,38088.0
IM2609.CFE,8/20/2026,7516.2,168401.0
IM2612.CFE,8/20/2026,7313.4,46578.0
IM2703.CFE,8/20/2026,7128.2,14511.0
IC2608.CFE,8/20/2026,7842.0,25193.0
IC2609.CFE,8/20/2026,7761.0,110498.0
IC2612.CFE,8/20/2026,7571.0,31151.0
IC2703.CFE,8/20/2026,7398.4,7561.0
IF2608.CFE,8/21/2026,4614.8,10603.0
IF2609.CFE,8/21/2026,4576.0,71450.0
IF2612.CFE,8/21/2026,4495.0,24690.0
IF2703.CFE,8/21/2026,4420.6,6850.0
IH2608.CFE,8/21/2026,2882.0,6213.0
IH2609.CFE,8/21/2026,2861.0,31876.0
IH2612.CFE,8/21/2026,2816.4,7742.0
IH2703.CFE,8/21/2026,2786.6,2817.0
IM2608.CFE,8/21/2026,7585.0,21454.0
IM2609.CFE,8/21/2026,7527.0,170783.0
IM2612.CFE,8/21/2026,7314.6,49672.0
IM2703.CFE,8/21/2026,7117.0,17535.0
IC2608.CFE,8/21/2026,7834.2,12888.0
IC2609.CFE,8/21/2026,7762.0,103559.0
IC2612.CFE,8/21/2026,7563.0,29557.0
IC2703.CFE,8/21/2026,7380.2,8781.0
IF2609.CFE,8/24/2026,4526.4,74259.0
IF2612.CFE,8/24/2026,4442.0,26245.0
IF2703.CFE,8/24/2026,4363.2,8617.0
IH2609.CFE,8/24/2026,2851.0,34178.0
IH2612.CFE,8/24/2026,2807.6,9938.0
IH2703.CFE,8/24/2026,2774.2,2554.0
IM2609.CFE,8/24/2026,7425.8,174420.0
IM2612.CFE,8/24/2026,7213.0,53216.0
IM2703.CFE,8/24/2026,7018.2,19275.0
IC2609.CFE,8/24/2026,7628.4,117411.0
IC2612.CFE,8/24/2026,7429.6,35744.0
IC2703.CFE,8/24/2026,7246.0,12209.0
IF2609.CFE,8/25/2026,4521.8,64814.0
IF2612.CFE,8/25/2026,4437.8,19083.0
IF2703.CFE,8/25/2026,4358.4,5917.0
IH2609.CFE,8/25/2026,2855.2,29129.0
IH2612.CFE,8/25/2026,2809.8,8291.0
IH2703.CFE,8/25/2026,2774.8,2106.0
IM2609.CFE,8/25/2026,7466.4,181414.0
IM2612.CFE,8/25/2026,7252.8,54874.0
IM2703.CFE,8/25/2026,7048.0,18906.0
IC2609.CFE,8/25/2026,7637.0,120237.0
IC2612.CFE,8/25/2026,7436.0,33718.0
IC2703.CFE,8/25/2026,7246.2,11417.0
IF2609.CFE,8/26/2026,4566.8,69832.0
IF2612.CFE,8/26/2026,4484.4,22023.0
IF2703.CFE,8/26/2026,4408.6,6458.0
IH2609.CFE,8/26/2026,2888.8,37071.0
IH2612.CFE,8/26/2026,2841.0,9412.0
IH2703.CFE,8/26/2026,2804.6,2361.0
IM2609.CFE,8/26/2026,7491.8,170411.0
IM2612.CFE,8/26/2026,7278.6,52197.0
IM2703.CFE,8/26/2026,7073.4,17355.0
IC2609.CFE,8/26/2026,7708.8,110355.0
IC2612.CFE,8/26/2026,7506.6,32683.0
IC2703.CFE,8/26/2026,7319.8,9968.0
